tag,run,machine,machine_l1d_mshrs,l2_mshrs,l3_mshrs,rob,lq,sq,width,l1d_size,l2_size,l3_size,mem_type,hwp_l1,early_retire_pf,binary,hash_n,swpf,pfdist,log2_m,accesses,cycles,insts,uops,ipc,upc,cyc_per_access,mlp_l1,mlp_l2,mlp_l3,mem_intensity,demand_miss_rate,l1d_mshr_misses,l3_mshr_misses,dram_gb_per_s,lq_occupancy,rob_full_events,blocked_no_mshrs,blocked_no_targets,blocked_by_cache,early_retired_pf,sim_seconds
camel_runs,_rl_smoke,unknown,16,48,64,512,192,114,6,49152,1310720,3145728,DRAMInterface,True,False,camel_smoke,,,,,19690.0,78760.0,140009.0,220015.0,1.7776663280853224,2.7934865413915695,4.0,13.954850177696079,0.0048374809547993905,0.003974098527171153,9.090289298456923e-06,0.306074493792184,19690.0,2.0,0.008,0.57,0.0,32208.0,0.0,15497.0,0.0,1.6e-05
dist,d128_m10,skylake,10,48,48,224,72,48,6,32768,262144,2097152,DRAMInterface,True,True,camel_h0_t0_d128,0,1,128,21,1000000,42381777.0,7000010.0,11000016.0,0.16516556160446033,0.2595458892627367,42.381777,9.934984572055924,10.082542395704467,8.757731006599458,0.08715823686074639,0.05146384560846318,1107486.0,958742.0,5.791362718263332,0.97,522.0,39811305.0,0.0,1089807.0,1000000.0,0.010595
dist,d128_m512,skylake,512,512,512,224,72,48,6,32768,262144,2097152,DRAMInterface,True,True,camel_h0_t0_d128,0,1,128,21,1000000,17107457.0,7000010.0,11000016.0,0.4091788744522345,0.6429953908403803,17.107457,68.815092190149,70.36785655356822,67.05820319183873,0.08714296415568851,0.05767376930492278,1064141.0,958574.0,14.343870937573064,0.95,368.0,0.0,0.0,0.0,1000000.0,0.004277
dist,d256_m512,skylake,512,512,512,224,72,48,6,32768,262144,2097152,DRAMInterface,True,True,camel_h0_t0_d256,0,1,256,21,1000000,16597690.0,7000010.0,11000016.0,0.4217460381535021,0.6627437914553169,16.59769,113.0996848344124,114.39461754701838,108.93666896085249,0.08714141870339098,0.15199949333502222,1164534.0,958557.0,14.786128705712219,0.97,67.0,0.0,0.0,0.0,1000000.0,0.004149
dist,d64_m10,skylake,10,48,48,224,72,48,6,32768,262144,2097152,DRAMInterface,True,True,camel_h0_t0_d64,0,1,64,21,1000000,42291007.0,7000009.0,11000015.0,0.16552003597360546,0.260102933940542,42.291007,9.936564646299644,10.105941087603862,8.778579408518357,0.08715306297309594,0.035813225893655654,1061795.0,958685.0,5.803068192565969,0.97,344.0,39783371.0,0.0,1045008.0,1000000.0,0.010573
dist,d64_m512,skylake,512,512,512,224,72,48,6,32768,262144,2097152,DRAMInterface,True,True,camel_h0_t0_d64,0,1,64,21,1000000,18347049.0,7000009.0,11000015.0,0.38153323730699146,0.5995522767721392,18.347049,42.707880659001965,43.84847005719941,40.76826219025331,0.08714551752883973,0.08187333917330997,1061254.0,958602.0,13.374869849574885,0.96,214.0,0.0,0.0,0.0,1000000.0,0.004587
gate,base_mshr10,skylake,10,48,48,224,72,48,6,32768,262144,2097152,DRAMInterface,True,False,camel_h0_base,0,0,32,21,1000000,42343699.0,5000007.0,9000013.0,0.11808148834611733,0.21254668846951705,42.343699,9.921408383788776,10.08416910265843,8.758687795897593,0.10651173503860495,0.5475655835204577,1061241.0,958607.0,5.7954702437181185,0.57,0.0,39477095.0,0.0,1028450.0,0.0,0.010586
gate,t0_mshr10_nopatch,skylake,10,48,48,224,72,48,6,32768,262144,2097152,DRAMInterface,True,False,camel_h0_t0,0,1,32,21,1000000,42287988.0,7000009.0,11000015.0,0.1655318526859211,0.26012150306134213,42.287988,9.936115465138881,10.106180691704344,8.778702553208785,0.08715069933995545,0.035932225536656724,1061338.0,958659.0,5.803459704880817,0.97,359.0,39772883.0,0.0,1044309.0,0.0,0.010572
gate,t0_mshr10_patch,skylake,10,48,48,224,72,48,6,32768,262144,2097152,DRAMInterface,True,True,camel_h0_t0,0,1,32,21,1000000,42313032.0,7000009.0,11000015.0,0.16543387862160291,0.25996754380541676,42.313032,9.936318846880454,10.108321937079031,8.781659901152459,0.08715033570408767,0.035825559189989094,1061317.0,958655.0,5.800143694460201,0.97,359.0,39796850.0,0.0,1044339.0,1000000.0,0.010578
gate,t0_mshr512_nopatch,skylake,512,512,512,224,72,48,6,32768,262144,2097152,DRAMInterface,True,False,camel_h0_t0,0,1,32,21,1000000,20021845.0,7000009.0,11000015.0,0.3496185791069704,0.5494006671213367,20.021845,30.53365187343766,31.35408238778347,28.538469984615872,0.08714379025846783,0.16096502280657543,1061254.0,958583.0,12.257604795204795,0.96,50.0,0.0,0.0,0.0,0.0,0.005005
gate,t0_mshr512_patch,skylake,512,512,512,224,72,48,6,32768,262144,2097152,DRAMInterface,True,True,camel_h0_t0,0,1,32,21,1000000,19998424.0,7000009.0,11000015.0,0.3500280322089381,0.5500440934745658,19.998424,30.526293321167685,31.345011385966732,28.525778131741102,0.08714560843780668,0.1609493562025752,1061239.0,958603.0,12.2701184,0.96,53.0,0.0,0.0,0.0,1000000.0,0.005
hn,h3_base_m10,skylake,10,48,48,224,72,48,6,32768,262144,2097152,DRAMInterface,True,False,camel_h3_base,3,0,32,21,1000000,153805046.0,46000011.0,70000017.0,0.2990799859713315,0.4551217194785664,153.805046,2.3559138397936423,2.368949323315847,2.0043246841063294,0.013694910959807339,0.5008077471728849,1061283.0,958644.0,1.5956208161036125,0.06,0.0,0.0,0.0,0.0,0.0,0.038451
hn,h3_m512_nopatch,skylake,512,512,512,224,72,48,6,32768,262144,2097152,DRAMInterface,True,False,camel_h3_t0,3,1,32,21,1000000,45217786.0,48000010.0,72000016.0,1.061529416765341,1.592294147263203,45.217786,9.481406386005213,9.637341629832887,8.396466784355328,0.013314733152281521,0.002426325245582515,1061301.0,958661.0,5.42766312809625,0.11,0.0,0.0,0.0,0.0,0.0,0.011304
hn,h3_m512_patch,skylake,512,512,512,224,72,48,6,32768,262144,2097152,DRAMInterface,True,True,camel_h3_t0,3,1,32,21,1000000,45227479.0,48000010.0,72000016.0,1.061301913378811,1.5919528921786685,45.227479,9.470420138431797,9.625319878770725,8.384697872757801,0.013314747041167325,0.002409324499143503,1061302.0,958662.0,5.426228707880075,0.11,0.0,0.0,0.0,0.0,1000000.0,0.011307
hn,h5_base_m10,skylake,10,48,48,224,72,48,6,32768,262144,2097152,DRAMInterface,True,False,camel_h5_base,5,0,32,21,1000000,228263353.0,72000011.0,110000017.0,0.31542518785308477,0.4818995934051665,228.263353,1.5500340470297986,1.5560980471475374,1.3104485714808853,0.008714962289505829,0.5003669981650092,1061289.0,958646.0,1.075129569270669,0.04,0.0,0.0,0.0,0.0,0.0,0.057066
hn,h5_m512_nopatch,skylake,512,512,512,224,72,48,6,32768,262144,2097152,DRAMInterface,True,False,camel_h5_t0,5,1,32,21,1000000,78298202.0,74000010.0,112000016.0,0.9451048441699849,1.4304289643841375,78.298202,5.044542443851394,5.098564658106058,4.379070938574337,0.008559543420065225,0.0006673311088963037,1061315.0,958669.0,3.1343456449553004,0.07,0.0,0.0,0.0,0.0,0.0,0.019575
hn,h5_m512_patch,skylake,512,512,512,224,72,48,6,32768,262144,2097152,DRAMInterface,True,True,camel_h5_t0,5,1,32,21,1000000,78293354.0,74000010.0,112000016.0,0.9451633659735665,1.4305175379253774,78.293354,5.039794592296818,5.093226750551182,4.373680755921931,0.008559570205775685,0.0006666642222311851,1061316.0,958672.0,3.1346757267664636,0.07,0.0,0.0,0.0,0.0,1000000.0,0.019573
limiter,lq192_nopatch,skylake,512,512,512,224,192,48,6,32768,262144,2097152,DRAMInterface,True,False,camel_h0_t0,0,1,32,21,1000000,20018882.0,7000009.0,11000015.0,0.3496703262449921,0.5494819840588501,20.018882,30.533890674632236,31.352414528325582,28.536415070206132,0.08714442662123642,0.16060246465845113,1061246.0,958590.0,12.257694305694306,0.36,50.0,0.0,0.0,0.0,0.0,0.005005
limiter,lq192_patch,skylake,512,512,512,224,192,48,6,32768,262144,2097152,DRAMInterface,True,True,camel_h0_t0,0,1,32,21,1000000,19998424.0,7000009.0,11000015.0,0.3500280322089381,0.5500440934745658,19.998424,30.526293321167685,31.345011385966732,28.525778131741102,0.08714560843780668,0.1609493562025752,1061239.0,958603.0,12.2701184,0.36,53.0,0.0,0.0,0.0,1000000.0,0.005
limiter,lq512_rob1024_nopatch,skylake,512,512,512,1024,512,48,6,32768,262144,2097152,DRAMInterface,True,False,camel_h0_t0,0,1,32,21,1000000,20016539.0,7000009.0,11000015.0,0.34971125627662203,0.5495463026849946,20.016539,30.500328257678316,31.319415245079625,28.50292206156643,0.08714533571090585,0.16060241112449256,1061250.0,958600.0,12.260271782573943,0.13,0.0,0.0,0.0,0.0,0.0,0.005004
limiter,lq512_rob1024_patch,skylake,512,512,512,1024,512,48,6,32768,262144,2097152,DRAMInterface,True,True,camel_h0_t0,0,1,32,21,1000000,20017002.0,7000009.0,11000015.0,0.34970316733744644,0.549533591493871,20.017002,30.53300999314778,31.35472876413807,28.538254800240328,0.08714497207503807,0.16088913036956543,1061253.0,958596.0,12.2602206235012,0.13,0.0,0.0,0.0,0.0,1000000.0,0.005004
raptorlake_fig310,h0_base_mshr16,raptorlake,16,48,64,512,192,114,6,49152,1310720,3145728,DRAMInterface,True,False,camel_h0_base_d16_m21_n1000000,0,0,16,21,1000000,34325331.0,5000007.0,9000013.0,0.14566522315545916,0.26219741333302804,34.325331,15.861745524431065,16.224150063611535,14.264773939748444,0.1007344100502966,0.562667967994144,1060505.0,906611.0,8.286647243644673,0.36,0.0,31294046.0,0.0,1008527.0,0.0,0.007002
raptorlake_fig310,h0_t0_mshr16_d128,raptorlake,16,48,64,512,192,114,6,49152,1310720,3145728,DRAMInterface,True,False,camel_h0_t0_d128_m21_n1000000,0,1,128,21,1000000,34149190.0,7000010.0,11000016.0,0.20498319286636082,0.3221164542995017,34.14919,15.928826799071746,16.301415691894352,14.332397136717985,0.08242833464969505,0.036003225323657365,1061177.0,906713.0,8.330409417169108,0.5,0.0,31872199.0,0.0,1044614.0,0.0,0.006966
raptorlake_fig310,h0_t0_mshr16_d16,raptorlake,16,48,64,512,192,114,6,49152,1310720,3145728,DRAMInterface,True,False,camel_h0_t0_d16_m21_n1000000,0,1,16,21,1000000,34292161.0,7000010.0,11000016.0,0.20412857620725622,0.32077348522888366,34.292161,15.870383101743831,16.247874777922576,14.28710312215652,0.08241988011653802,0.1868104395686813,1060571.0,906620.0,8.293836477987423,0.53,0.0,31718515.0,323771.0,1037353.0,0.0,0.006996
raptorlake_fig310,h0_t0_mshr16_d256,raptorlake,16,48,64,512,192,114,6,49152,1310720,3145728,DRAMInterface,True,False,camel_h0_t0_d256_m21_n1000000,0,1,256,21,1000000,34274023.0,7000010.0,11000016.0,0.2042366021636853,0.3209432403076814,34.274023,15.92610580387767,16.220471112245498,14.258836376799971,0.08243751645452152,0.07152678541964375,1167862.0,906814.0,8.300356979405034,0.5,0.0,31890523.0,0.0,1147907.0,0.0,0.006992
raptorlake_fig310,h0_t0_mshr16_d32,raptorlake,16,48,64,512,192,114,6,49152,1310720,3145728,DRAMInterface,True,False,camel_h0_t0_d32_m21_n1000000,0,1,32,21,1000000,34145884.0,7000009.0,11000015.0,0.20500301002604004,0.3221476122861543,34.145884,15.928829868938495,16.30203209051235,14.333012957393438,0.0824212512437483,0.049143852568442295,1060675.0,906635.0,8.329692793568762,0.49,0.0,31872907.0,0.0,1043932.0,0.0,0.006966
raptorlake_fig310,h0_t0_mshr16_d64,raptorlake,16,48,64,512,192,114,6,49152,1310720,3145728,DRAMInterface,True,False,camel_h0_t0_d64_m21_n1000000,0,1,64,21,1000000,34144903.0,7000009.0,11000015.0,0.2050088998642052,0.3221568677468494,34.144903,15.928418191606571,16.298015608975824,14.328898070507853,0.08242397851275657,0.035835892492322524,1060709.0,906665.0,8.329968418030434,0.5,0.0,31869856.0,0.0,1044134.0,0.0,0.006966
raptorlake_fig310,h0_t0_mshr512_d128,raptorlake,512,512,512,512,192,114,6,49152,1310720,3145728,DRAMInterface,True,False,camel_h0_t0_d128_m21_n1000000,0,1,128,21,1000000,18856705.0,7000010.0,11000016.0,0.37122127116057657,0.5833477269756302,18.856705,77.04542093447321,77.91860515206218,73.12966120222413,0.0824108801296289,0.1064029431892083,1060461.0,906521.0,15.081191577852872,0.62,0.0,0.0,0.0,0.0,0.0,0.003847
raptorlake_fig310,h0_t0_mshr512_d16,raptorlake,512,512,512,512,192,114,6,49152,1310720,3145728,DRAMInterface,True,False,camel_h0_t0_d16_m21_n1000000,0,1,16,21,1000000,23622995.0,7000010.0,11000016.0,0.2963218677394632,0.4656486613996235,23.622995,29.1806593706155,30.021392508517604,27.177734036494673,0.08241697102986031,0.2609323041805222,1060488.0,906588.0,12.040180950404649,0.62,2.0,0.0,490696.0,1139.0,0.0,0.004819
raptorlake_fig310,h0_t0_mshr512_d256,raptorlake,512,512,512,512,192,114,6,49152,1310720,3145728,DRAMInterface,True,False,camel_h0_t0_d256_m21_n1000000,0,1,256,21,1000000,18740399.0,7000010.0,11000016.0,0.37352513145531213,0.5869680789613925,18.740399,100.15266673611993,94.10912483103307,83.51204120032392,0.08241569830443883,0.14748807671435982,1067813.0,906574.0,15.1767554276746,0.62,0.0,0.0,0.0,0.0,0.0,0.003823
raptorlake_fig310,h0_t0_mshr512_d32,raptorlake,512,512,512,512,192,114,6,49152,1310720,3145728,DRAMInterface,True,False,camel_h0_t0_d32_m21_n1000000,0,1,32,21,1000000,21840632.0,7000009.0,11000015.0,0.32050395794407416,0.5036491160145915,21.840632,35.368046549506566,36.482980947589944,33.404728372201404,0.08241579670573176,0.1952995521351248,1060492.0,906575.0,13.023748597081932,0.62,0.0,0.0,0.0,0.0,0.0,0.004455
raptorlake_fig310,h0_t0_mshr512_d64,raptorlake,512,512,512,512,192,114,6,49152,1310720,3145728,DRAMInterface,True,False,camel_h0_t0_d64_m21_n1000000,0,1,64,21,1000000,20273211.0,7000009.0,11000015.0,0.34528368495745443,0.5425886900698661,20.273211,48.79075011108148,50.18770926460941,46.86164681260238,0.08241470579812846,0.12044426518578272,1060490.0,906563.0,14.028054158607352,0.62,0.0,0.0,0.0,0.0,0.0,0.004136
raptorlake_fig310,h1_base_mshr16,raptorlake,16,48,64,512,192,114,6,49152,1310720,3145728,DRAMInterface,True,False,camel_h1_base_d16_m21_n1000000,1,0,16,21,1000000,86797499.0,17000013.0,24000019.0,0.19585832766909564,0.27650588181117985,86.797499,4.990945208116173,5.036978145318098,4.265361875679724,0.03777692842659833,0.5019224942325173,1060542.0,906647.0,3.2769756593437624,0.06,0.0,0.0,0.0,0.0,0.0,0.017707
raptorlake_fig310,h1_t0_mshr16_d128,raptorlake,16,48,64,512,192,114,6,49152,1310720,3145728,DRAMInterface,True,False,camel_h1_t0_d128_m21_n1000000,1,1,128,21,1000000,34610448.0,19000010.0,26000016.0,0.5489674678582606,0.7512187071372205,34.610448,15.735081679452636,16.08263854278901,14.140731627213514,0.034873632385456994,0.03202854922865283,1061021.0,906715.0,8.218348675824954,0.11,0.0,30123244.0,0.0,954397.0,0.0,0.007061
raptorlake_fig310,h1_t0_mshr16_d16,raptorlake,16,48,64,512,192,114,6,49152,1310720,3145728,DRAMInterface,True,False,camel_h1_t0_d16_m21_n1000000,1,1,16,21,1000000,37055919.0,19000013.0,26000019.0,0.5127389500176747,0.7016428063759531,37.055919,14.429451638735555,14.709689688203541,12.899168889783201,0.03487062836377158,0.12551395679146296,1060530.0,906637.0,7.676249239317371,0.12,0.0,20312125.0,0.0,466872.0,0.0,0.007559
raptorlake_fig310,h1_t0_mshr16_d256,raptorlake,16,48,64,512,192,114,6,49152,1310720,3145728,DRAMInterface,True,False,camel_h1_t0_d256_m21_n1000000,1,1,256,21,1000000,34750113.0,19000010.0,26000016.0,0.5467610997408843,0.7481994662866276,34.750113,15.721687914832067,15.9922230073174,14.058353827842724,0.03487755545996587,0.06978612397496141,1169717.0,906817.0,8.186808858795317,0.11,0.0,30023578.0,0.0,1043720.0,0.0,0.007089
raptorlake_fig310,h1_t0_mshr16_d32,raptorlake,16,48,64,512,192,114,6,49152,1310720,3145728,DRAMInterface,True,False,camel_h1_t0_d32_m21_n1000000,1,1,32,21,1000000,34598652.0,19000010.0,26000016.0,0.5491546318047305,0.7514748262446757,34.598652,15.73351349523289,16.081218692396867,14.138835730043338,0.034870901617906694,0.03336722210925964,1060536.0,906644.0,8.221198073108528,0.11,0.0,30073653.0,0.0,950553.0,0.0,0.007058
raptorlake_fig310,h1_t0_mshr16_d64,raptorlake,16,48,64,512,192,114,6,49152,1310720,3145728,DRAMInterface,True,False,camel_h1_t0_d64_m21_n1000000,1,1,64,21,1000000,34587872.0,19000010.0,26000016.0,0.5493257867960192,0.7517090383588791,34.587872,15.732388428578794,16.08122879743773,14.138153462235836,0.03487190161729131,0.031988237368621227,1060563.0,906670.0,8.223764172335601,0.11,0.0,30093964.0,0.0,952922.0,0.0,0.007056
raptorlake_fig310,h1_t0_mshr512_d128,raptorlake,512,512,512,512,192,114,6,49152,1310720,3145728,DRAMInterface,True,False,camel_h1_t0_d128_m21_n1000000,1,1,128,21,1000000,19499022.0,19000010.0,26000016.0,0.9744083575063406,1.3334010290362255,19.499022,52.59134738428616,54.27355175633947,50.80962151661185,0.03486901700368184,0.017754280070493123,1060562.0,906595.0,14.585741578682756,0.1,0.0,0.0,0.0,0.0,0.0,0.003978
raptorlake_fig310,h1_t0_mshr512_d16,raptorlake,512,512,512,512,192,114,6,49152,1310720,3145728,DRAMInterface,True,False,camel_h1_t0_d16_m21_n1000000,1,1,16,21,1000000,35897199.0,19000013.0,26000019.0,0.5292895693616653,0.7242910233748321,35.897199,15.281112277236003,15.60627714517604,13.738692002124084,0.034870897594344065,0.15821819201209064,1060537.0,906644.0,7.9236946606582,0.13,0.0,0.0,0.0,0.0,0.0,0.007323
raptorlake_fig310,h1_t0_mshr512_d256,raptorlake,512,512,512,512,192,114,6,49152,1310720,3145728,DRAMInterface,True,False,camel_h1_t0_d256_m21_n1000000,1,1,256,21,1000000,18742338.0,19000010.0,26000016.0,1.0137481247003441,1.3872343994649974,18.742338,69.15721046968355,70.70339014297532,66.64158312624778,0.034871286233054626,0.03830188509434472,1086497.0,906654.0,15.178094690034005,0.11,0.0,0.0,0.0,0.0,0.0,0.003823
raptorlake_fig310,h1_t0_mshr512_d32,raptorlake,512,512,512,512,192,114,6,49152,1310720,3145728,DRAMInterface,True,False,camel_h1_t0_d32_m21_n1000000,1,1,32,21,1000000,25945456.0,19000010.0,26000016.0,0.7323058804593761,1.002102873042586,25.945456,24.084502489294152,24.768697696239116,22.183323373677045,0.03486990161852208,0.08370441555342001,1060524.0,906618.0,10.962318533912716,0.12,0.0,0.0,0.0,0.0,0.0,0.005293
raptorlake_fig310,h1_t0_mshr512_d64,raptorlake,512,512,512,512,192,114,6,49152,1310720,3145728,DRAMInterface,True,False,camel_h1_t0_d64_m21_n1000000,1,1,64,21,1000000,21730165.0,19000010.0,26000016.0,0.8743610552427927,1.196494182165667,21.730165,34.26545572009979,35.483659906589146,32.39456075571256,0.034869940080036875,0.027697277938777454,1060524.0,906619.0,13.089017820888788,0.11,0.0,0.0,0.0,0.0,0.0,0.004433
raptorlake_fig310,h2_base_mshr16,raptorlake,16,48,64,512,192,114,6,49152,1310720,3145728,DRAMInterface,True,False,camel_h2_base_d16_m21_n1000000,2,0,16,21,1000000,123936165.0,22000011.0,33000017.0,0.1775108258352193,0.2662662427871639,123.936165,3.3572073302766268,3.3822102743495193,2.8416583174563987,0.027474349482910873,0.5009667466163868,1060548.0,906654.0,2.2950542261598703,0.04,0.0,0.0,0.0,0.0,0.0,0.025283
raptorlake_fig310,h2_t0_mshr16_d128,raptorlake,16,48,64,512,192,114,6,49152,1310720,3145728,DRAMInterface,True,False,camel_h2_t0_d128_m21_n1000000,2,1,128,21,1000000,35141764.0,24000010.0,35000016.0,0.6829483574017514,0.9959663948571278,35.141764,15.420499368945576,15.765533228534832,13.854954046805954,0.02590633101424868,0.0076073079756400815,1061084.0,906722.0,8.094602873483053,0.08,0.0,25179464.0,0.0,707586.0,0.0,0.007169
raptorlake_fig310,h2_t0_mshr16_d16,raptorlake,16,48,64,512,192,114,6,49152,1310720,3145728,DRAMInterface,True,False,camel_h2_t0_d16_m21_n1000000,2,1,16,21,1000000,40297788.0,24000010.0,35000016.0,0.5955664365498176,0.8685344217900992,40.297788,12.848975225685045,13.082548004964124,11.419323107182866,0.025904073872423373,0.09049009202642126,1060538.0,906643.0,7.058162267364068,0.08,0.0,11072877.0,0.0,218843.0,0.0,0.008221
raptorlake_fig310,h2_t0_mshr16_d256,raptorlake,16,48,64,512,192,114,6,49152,1310720,3145728,DRAMInterface,True,False,camel_h2_t0_d256_m21_n1000000,2,1,256,21,1000000,35286638.0,24000010.0,35000016.0,0.6801444218063506,0.991877321948325,35.286638,15.402453883227992,15.670867012229381,13.768209529561817,0.02590935958429276,0.04406118646271179,1172132.0,906828.0,8.062933036954709,0.08,0.0,25106649.0,0.0,766793.0,0.0,0.007198
raptorlake_fig310,h2_t0_mshr16_d32,raptorlake,16,48,64,512,192,114,6,49152,1310720,3145728,DRAMInterface,True,False,camel_h2_t0_d32_m21_n1000000,2,1,32,21,1000000,35137633.0,24000010.0,35000016.0,0.6830286490840177,0.9960834868985057,35.137633,15.408218613016336,15.75846842274548,13.847842116743884,0.025903902443930312,0.008089314458266264,1060539.0,906637.0,8.094973214285714,0.08,0.0,25049389.0,0.0,703405.0,0.0,0.007168
raptorlake_fig310,h2_t0_mshr16_d64,raptorlake,16,48,64,512,192,114,6,49152,1310720,3145728,DRAMInterface,True,False,camel_h2_t0_d64_m21_n1000000,2,1,64,21,1000000,35151954.0,24000010.0,35000016.0,0.6827503813870489,0.9956776798240007,35.151954,15.421433405014369,15.770639960253321,13.86070840151856,0.02590510244338174,0.00725364490573195,1060570.0,906679.0,8.091961511644122,0.08,0.0,25203911.0,0.0,707140.0,0.0,0.007171
raptorlake_fig310,h2_t0_mshr512_d128,raptorlake,512,512,512,512,192,114,6,49152,1310720,3145728,DRAMInterface,True,False,camel_h2_t0_d128_m21_n1000000,2,1,128,21,1000000,22447091.0,24000010.0,35000016.0,1.0691813028244952,1.5592227963970922,22.447091,36.433668121650946,37.61058770144199,34.6186703701811,0.025904188158085414,0.004765984113386289,1060670.0,906647.0,12.672069884254205,0.09,0.0,0.0,0.0,0.0,0.0,0.004579
raptorlake_fig310,h2_t0_mshr512_d16,raptorlake,512,512,512,512,192,114,6,49152,1310720,3145728,DRAMInterface,True,False,camel_h2_t0_d16_m21_n1000000,2,1,16,21,1000000,40008174.0,24000010.0,35000016.0,0.5998776649991574,0.8748216301998687,40.008174,13.04899274047899,13.300061494688412,11.624952589084677,0.025903988158176842,0.11155407304049623,1060537.0,906640.0,7.109159519725556,0.08,0.0,0.0,0.0,0.0,0.0,0.008162
raptorlake_fig310,h2_t0_mshr512_d256,raptorlake,512,512,512,512,192,114,6,49152,1310720,3145728,DRAMInterface,True,False,camel_h2_t0_d256_m21_n1000000,2,1,256,21,1000000,22130208.0,24000010.0,35000016.0,1.0844909365515227,1.581549346486034,22.130208,38.48722146047521,39.67088552401105,36.63045615090452,0.025907102442467456,0.02518758270805764,1122755.0,906749.0,12.853141971207089,0.09,0.0,0.0,0.0,0.0,0.0,0.004515
raptorlake_fig310,h2_t0_mshr512_d32,raptorlake,512,512,512,512,192,114,6,49152,1310720,3145728,DRAMInterface,True,False,camel_h2_t0_d32_m21_n1000000,2,1,32,21,1000000,28396951.0,24000010.0,35000016.0,0.8451615104734308,1.2325272526617381,28.396951,21.108655567666307,21.65540752549737,19.294075395429946,0.02590370244402174,0.04229622054341189,1060528.0,906630.0,10.016281719316416,0.09,0.0,0.0,0.0,0.0,0.0,0.005793
raptorlake_fig310,h2_t0_mshr512_d64,raptorlake,512,512,512,512,192,114,6,49152,1310720,3145728,DRAMInterface,True,False,camel_h2_t0_d64_m21_n1000000,2,1,64,21,1000000,23906860.0,24000010.0,35000016.0,1.0038963711671043,1.4640156005431078,23.90686,28.832894280458657,29.766546947872904,26.960208521863102,0.02590367387260623,0.006284985335034218,1060539.0,906629.0,11.897530449046545,0.09,0.0,0.0,0.0,0.0,0.0,0.004877
raptorlake_fig310,h3_base_mshr16,raptorlake,16,48,64,512,192,114,6,49152,1310720,3145728,DRAMInterface,True,False,camel_h3_base_d16_m21_n1000000,3,0,16,21,1000000,175642075.0,46000011.0,70000017.0,0.261896308159648,0.39853786172817646,175.642075,2.3214380386018703,2.3367292691220194,1.9556232273698155,0.01295226828302056,0.5004839980640078,1060550.0,906659.0,1.6194405961318412,0.02,0.0,0.0,0.0,0.0,0.0,0.035831
raptorlake_fig310,h3_t0_mshr16_d128,raptorlake,16,48,64,512,192,114,6,49152,1310720,3145728,DRAMInterface,True,False,camel_h3_t0_d128_m21_n1000000,3,1,128,21,1000000,47740263.0,48000010.0,72000016.0,1.0054408372237078,1.5081612767822414,47.740263,10.285002658034706,10.455042522482364,9.051852824315022,0.012593566645874079,0.0015566609589098173,1061277.0,906737.0,5.95863723174864,0.04,0.0,3707561.0,0.0,26373.0,0.0,0.009739
raptorlake_fig310,h3_t0_mshr16_d16,raptorlake,16,48,64,512,192,114,6,49152,1310720,3145728,DRAMInterface,True,False,camel_h3_t0_d16_m21_n1000000,3,1,16,21,1000000,50639499.0,48000010.0,72000016.0,0.9478768737423725,1.4218153303609895,50.639499,9.587969497988809,9.744073656339047,8.421507821936075,0.012592372201695066,0.0240262452371008,1060547.0,906651.0,5.6171988383349465,0.04,0.0,2268045.0,0.0,11138.0,0.0,0.01033
raptorlake_fig310,h3_t0_mshr16_d256,raptorlake,16,48,64,512,192,114,6,49152,1310720,3145728,DRAMInterface,True,False,camel_h3_t0_d256_m21_n1000000,3,1,256,21,1000000,47772734.0,48000010.0,72000016.0,1.0047574417658407,1.5071361835812034,47.772734,10.33573117374546,10.445787900614485,9.043416830883453,0.012594997201111733,0.04282384297924241,1185075.0,906840.0,5.955033860045147,0.04,0.0,3770531.0,0.0,27007.0,0.0,0.009746
raptorlake_fig310,h3_t0_mshr16_d32,raptorlake,16,48,64,512,192,114,6,49152,1310720,3145728,DRAMInterface,True,False,camel_h3_t0_d32_m21_n1000000,3,1,32,21,1000000,47744822.0,48000010.0,72000016.0,1.005344830901244,1.5080172672965457,47.744822,10.290520186195373,10.463276999971903,9.060292781527394,0.012592594423867906,0.0013436621877927074,1060565.0,906667.0,5.957565503080082,0.04,0.0,3706507.0,0.0,25281.0,0.0,0.00974
raptorlake_fig310,h3_t0_mshr16_d64,raptorlake,16,48,64,512,192,114,6,49152,1310720,3145728,DRAMInterface,True,False,camel_h3_t0_d64_m21_n1000000,3,1,64,21,1000000,47712510.0,48000010.0,72000016.0,1.0060256733506578,1.5090385309848506,47.71251,10.286892879535817,10.45741795936119,9.053491502603354,0.012593024979327782,0.0013323284481290235,1060592.0,906698.0,5.962054042946677,0.04,0.0,3678475.0,0.0,26112.0,0.0,0.009733
raptorlake_fig310,h3_t0_mshr512_d128,raptorlake,512,512,512,512,192,114,6,49152,1310720,3145728,DRAMInterface,True,False,camel_h3_t0_d128_m21_n1000000,3,1,128,21,1000000,44661226.0,48000010.0,72000016.0,1.0747580014932863,1.6121370246307165,44.661226,11.685088948985673,11.912677216914764,10.412661569268924,0.012593455534787659,0.0015416610139096156,1061217.0,906729.0,6.369296015805071,0.04,0.0,0.0,0.0,0.0,0.0,0.009111
raptorlake_fig310,h3_t0_mshr512_d16,raptorlake,512,512,512,512,192,114,6,49152,1310720,3145728,DRAMInterface,True,False,camel_h3_t0_d16_m21_n1000000,3,1,16,21,1000000,50617957.0,48000010.0,72000016.0,0.948280271366938,1.422420426806242,50.617957,9.620907930239843,9.782949407309266,8.459807978791014,0.012592469423895684,0.025038574858558853,1060549.0,906658.0,5.619418167731938,0.04,0.0,0.0,0.0,0.0,0.0,0.010326
raptorlake_fig310,h3_t0_mshr512_d256,raptorlake,512,512,512,512,192,114,6,49152,1310720,3145728,DRAMInterface,True,False,camel_h3_t0_d256_m21_n1000000,3,1,256,21,1000000,44682060.0,48000010.0,72000016.0,1.0742568717735932,1.6113853300407368,44.68206,11.740919236636543,11.905476817541103,10.405994091499844,0.012594913867796919,0.04123618213399884,1180297.0,906834.0,6.367238178826111,0.04,0.0,0.0,0.0,0.0,0.0,0.009115
raptorlake_fig310,h3_t0_mshr512_d32,raptorlake,512,512,512,512,192,114,6,49152,1310720,3145728,DRAMInterface,True,False,camel_h3_t0_d32_m21_n1000000,3,1,32,21,1000000,46506894.0,48000010.0,72000016.0,1.0321052616414246,1.5481579139643253,46.506894,10.964231693186123,11.190909504163182,9.750606459104663,0.012592538868324695,0.003280322398925337,1060562.0,906663.0,6.116415305154422,0.04,0.0,0.0,0.0,0.0,0.0,0.009487
raptorlake_fig310,h3_t0_mshr512_d64,raptorlake,512,512,512,512,192,114,6,49152,1310720,3145728,DRAMInterface,True,False,camel_h3_t0_d64_m21_n1000000,3,1,64,21,1000000,44650826.0,48000010.0,72000016.0,1.0750083324326407,1.6125125210449633,44.650826,11.683133418287085,11.910372334579433,10.41007246841395,0.01259284442381235,0.0013363297697872806,1060590.0,906685.0,6.370385333186958,0.04,0.0,0.0,0.0,0.0,0.0,0.009109
raptorlake_fig310,h4_base_mshr16,raptorlake,16,48,64,512,192,114,6,49152,1310720,3145728,DRAMInterface,True,False,camel_h4_base_d16_m21_n1000000,4,0,16,21,1000000,241167678.0,59000011.0,90000017.0,0.24464311092301516,0.37318440740636893,241.167678,1.6593851823074268,1.6676878964008928,1.3901266763450033,0.010073964763806656,0.500001249994375,1060551.0,906657.0,1.1794391641936666,0.02,0.0,0.0,0.0,0.0,0.0,0.049198
raptorlake_fig310,h4_t0_mshr16_d128,raptorlake,16,48,64,512,192,114,6,49152,1310720,3145728,DRAMInterface,True,False,camel_h4_t0_d128_m21_n1000000,4,1,128,21,1000000,64366451.0,61000010.0,92000016.0,0.9476988252777833,1.4293162753372872,64.366451,7.295892539782986,7.401345583445431,6.360742231630352,0.009855954807660033,0.0012893290355698815,1061462.0,906748.0,4.4194556393267845,0.03,0.0,2990177.0,0.0,8309.0,0.0,0.013131
raptorlake_fig310,h4_t0_mshr16_d16,raptorlake,16,48,64,512,192,114,6,49152,1310720,3145728,DRAMInterface,True,False,camel_h4_t0_d16_m21_n1000000,4,1,16,21,1000000,65336368.0,61000010.0,92000016.0,0.9336302562762595,1.4080981054839168,65.336368,7.143096148183335,7.247428641589886,6.222401083097399,0.009855063503467217,0.0035433203411587492,1060556.0,906666.0,4.353411658789106,0.03,0.0,1473692.0,0.0,2796.0,0.0,0.013329
raptorlake_fig310,h4_t0_mshr16_d256,raptorlake,16,48,64,512,192,114,6,49152,1310720,3145728,DRAMInterface,True,False,camel_h4_t0_d256_m21_n1000000,4,1,256,21,1000000,64402449.0,61000010.0,92000016.0,0.9471691053239295,1.4285173534316995,64.402449,7.344906385006958,7.405059640683081,6.364920435054486,0.009857085242246044,0.04534416707138741,1193632.0,906852.0,4.417607550616532,0.03,0.0,3020873.0,0.0,8709.0,0.0,0.013138
raptorlake_fig310,h4_t0_mshr16_d32,raptorlake,16,48,64,512,192,114,6,49152,1310720,3145728,DRAMInterface,True,False,camel_h4_t0_d32_m21_n1000000,4,1,32,21,1000000,64358391.0,61000010.0,92000016.0,0.9478175114725911,1.4294952774689473,64.358391,7.300614627709866,7.407951466660062,6.367341425699945,0.009855161329537161,0.0009983296727911998,1060573.0,906675.0,4.4197730215553355,0.03,0.0,2992691.0,0.0,8260.0,0.0,0.013129
raptorlake_fig310,h4_t0_mshr16_d64,raptorlake,16,48,64,512,192,114,6,49152,1310720,3145728,DRAMInterface,True,False,camel_h4_t0_d64_m21_n1000000,4,1,64,21,1000000,64358489.0,61000010.0,92000016.0,0.9478160682112969,1.4294931007469738,64.358489,7.297901067504463,7.405093692960668,6.364400766703351,0.009855465677310316,0.0010036629865690493,1060603.0,906703.0,4.419909513291187,0.03,0.0,2981086.0,0.0,8316.0,0.0,0.013129
raptorlake_fig310,h4_t0_mshr512_d128,raptorlake,512,512,512,512,192,114,6,49152,1310720,3145728,DRAMInterface,True,False,camel_h4_t0_d128_m21_n1000000,4,1,128,21,1000000,62002473.0,61000010.0,92000016.0,0.9838318868345783,1.4838120408519835,62.002473,7.713921126898794,7.852848564441534,6.772562564415849,0.009855922198970052,0.0012809957300142334,1061431.0,906745.0,4.5878472606530165,0.03,0.0,0.0,0.0,0.0,0.0,0.012649
raptorlake_fig310,h4_t0_mshr512_d16,raptorlake,512,512,512,512,192,114,6,49152,1310720,3145728,DRAMInterface,True,False,camel_h4_t0_d16_m21_n1000000,4,1,16,21,1000000,65322620.0,61000010.0,92000016.0,0.9338267509784512,1.4083944581524745,65.32262,7.148984860310026,7.255160785327236,6.229911806647401,0.009855041764340563,0.0037849861217175537,1060558.0,906664.0,4.354382110160588,0.03,0.0,0.0,0.0,0.0,0.0,0.013326
raptorlake_fig310,h4_t0_mshr512_d256,raptorlake,512,512,512,512,192,114,6,49152,1310720,3145728,DRAMInterface,True,False,camel_h4_t0_d256_m21_n1000000,4,1,256,21,1000000,62029494.0,61000010.0,92000016.0,0.9834033145587162,1.4831656695442332,62.029494,7.764186845202678,7.855014798165006,6.7750711491900875,0.00985703089442941,0.04458983650393282,1191366.0,906847.0,4.586550339813497,0.03,0.0,0.0,0.0,0.0,0.0,0.012654
raptorlake_fig310,h4_t0_mshr512_d32,raptorlake,512,512,512,512,192,114,6,49152,1310720,3145728,DRAMInterface,True,False,camel_h4_t0_d32_m21_n1000000,4,1,32,21,1000000,62087610.0,61000010.0,92000016.0,0.982482817425248,1.4817773787717066,62.08761,7.745286088208309,7.868975670074446,6.790325671899358,0.009855128720847178,0.0024036586544711517,1060572.0,906672.0,4.581320701089531,0.03,0.0,0.0,0.0,0.0,0.0,0.012666
raptorlake_fig310,h4_t0_mshr512_d64,raptorlake,512,512,512,512,192,114,6,49152,1310720,3145728,DRAMInterface,True,False,camel_h4_t0_d64_m21_n1000000,4,1,64,21,1000000,61972383.0,61000010.0,92000016.0,0.9843095754442749,1.4845324892541247,61.972383,7.722864190702279,7.8614995155213485,6.7807374043985265,0.009855509155563625,0.0010086629682357832,1060604.0,906707.0,4.590195222274957,0.03,0.0,0.0,0.0,0.0,0.0,0.012642
raptorlake_fig310,h5_base_mshr16,raptorlake,16,48,64,512,192,114,6,49152,1310720,3145728,DRAMInterface,True,False,camel_h5_base_d16_m21_n1000000,5,0,16,21,1000000,258130783.0,72000011.0,110000017.0,0.2789284182351858,0.4261406397237016,258.130783,1.549684681806437,1.558087497664806,1.2986629402669623,0.00824233508982094,0.499999750001125,1060552.0,906657.0,1.1019208112573349,0.01,0.0,0.0,0.0,0.0,0.0,0.052659
raptorlake_fig310,h5_t0_mshr16_d128,raptorlake,16,48,64,512,192,114,6,49152,1310720,3145728,DRAMInterface,True,False,camel_h5_t0_d128_m21_n1000000,5,1,128,21,1000000,80587446.0,74000010.0,112000016.0,0.9182572928294563,1.3897948323117226,80.587446,5.676374761872862,5.755848884017189,4.923117883700094,0.008095998843428737,0.001313995182017666,1061543.0,906752.0,3.5299347931873477,0.03,0.0,2185347.0,0.0,9394.0,0.0,0.01644
raptorlake_fig310,h5_t0_mshr16_d16,raptorlake,16,48,64,512,192,114,6,49152,1310720,3145728,DRAMInterface,True,False,camel_h5_t0_d16_m21_n1000000,5,1,16,21,1000000,81795175.0,74000010.0,112000016.0,0.9046989629889538,1.3692741167189875,81.795175,5.5789781625467745,5.652541045273598,4.8321890554512015,0.008095204200685114,0.003538990562691833,1060557.0,906663.0,3.477551959726717,0.03,0.0,1291931.0,0.0,3610.0,0.0,0.016686
raptorlake_fig310,h5_t0_mshr16_d256,raptorlake,16,48,64,512,192,114,6,49152,1310720,3145728,DRAMInterface,True,False,camel_h5_t0_d256_m21_n1000000,5,1,256,21,1000000,80604124.0,74000010.0,112000016.0,0.918067293926549,1.3895072664023989,80.604124,5.718227438498637,5.758692232399445,4.926118887976213,0.008096900629014196,0.04655316263840366,1197253.0,906853.0,3.529683877637901,0.03,0.0,2221971.0,0.0,9946.0,0.0,0.016443
raptorlake_fig310,h5_t0_mshr16_d32,raptorlake,16,48,64,512,192,114,6,49152,1310720,3145728,DRAMInterface,True,False,camel_h5_t0_d32_m21_n1000000,5,1,32,21,1000000,80561263.0,74000010.0,112000016.0,0.9185557331691784,1.3902465258023573,80.561263,5.6813330167413705,5.761542250998821,4.9286133686304145,0.008095347057807564,0.0009926630269022347,1060575.0,906679.0,3.530939272240477,0.03,0.0,2199035.0,0.0,9487.0,0.0,0.016434
raptorlake_fig310,h5_t0_mshr16_d64,raptorlake,16,48,64,512,192,114,6,49152,1310720,3145728,DRAMInterface,True,False,camel_h5_t0_d64_m21_n1000000,5,1,64,21,1000000,80539689.0,74000010.0,112000016.0,0.918801784794575,1.390618928265293,80.539689,5.679680729818202,5.758565534164194,4.9253924725240665,0.008095623843482308,0.001002996656677811,1060606.0,906710.0,3.531919659160073,0.03,0.0,2172230.0,0.0,9474.0,0.0,0.01643
raptorlake_fig310,h5_t0_mshr512_d128,raptorlake,512,512,512,512,192,114,6,49152,1310720,3145728,DRAMInterface,True,False,camel_h5_t0_d128_m21_n1000000,5,1,128,21,1000000,78716039.0,74000010.0,112000016.0,0.9400880803974397,1.4228360245616525,78.716039,5.850387069938014,5.930044294649847,5.077562699643588,0.008095972057718278,0.0013159951746843596,1061531.0,906749.0,3.613895628347241,0.03,0.0,0.0,0.0,0.0,0.0,0.016058
raptorlake_fig310,h5_t0_mshr512_d16,raptorlake,512,512,512,512,192,114,6,49152,1310720,3145728,DRAMInterface,True,False,camel_h5_t0_d16_m21_n1000000,5,1,16,21,1000000,81755960.0,74000010.0,112000016.0,0.9051329101878322,1.369930901673713,81.75596,5.582124144957849,5.657157843616963,4.836386382197587,0.00809522205782542,0.00393132022893257,1060559.0,906665.0,3.4792277251469006,0.03,0.0,0.0,0.0,0.0,0.0,0.016678
raptorlake_fig310,h5_t0_mshr512_d256,raptorlake,512,512,512,512,192,114,6,49152,1310720,3145728,DRAMInterface,True,False,camel_h5_t0_d256_m21_n1000000,5,1,256,21,1000000,78753225.0,74000010.0,112000016.0,0.9396441860000019,1.4221641843873696,78.753225,5.8926288657360475,5.932666916062743,5.080568422244884,0.008096873843303737,0.04616583072528734,1196094.0,906850.0,3.6124984439188346,0.03,0.0,0.0,0.0,0.0,0.0,0.016066
raptorlake_fig310,h5_t0_mshr512_d32,raptorlake,512,512,512,512,192,114,6,49152,1310720,3145728,DRAMInterface,True,False,camel_h5_t0_d32_m21_n1000000,5,1,32,21,1000000,78717648.0,74000010.0,112000016.0,0.9400688648624258,1.422806941589515,78.717648,5.854593314906472,5.935428786435038,5.083044957647592,0.00809533812923741,0.0010836626932367915,1060574.0,906678.0,3.6136126541287834,0.03,0.0,0.0,0.0,0.0,0.0,0.016058
raptorlake_fig310,h5_t0_mshr512_d64,raptorlake,512,512,512,512,192,114,6,49152,1310720,3145728,DRAMInterface,True,False,camel_h5_t0_d64_m21_n1000000,5,1,64,21,1000000,78719168.0,74000010.0,112000016.0,0.9400507129343644,1.4227794684008854,78.719168,5.855141375610178,5.936155302636938,5.083754437224557,0.008095614914912156,0.0010069966433445222,1060605.0,906709.0,3.6135111775328475,0.03,0.0,0.0,0.0,0.0,0.0,0.016059
skylake_fig310,h0_base_mshr10,skylake,10,48,64,224,72,48,6,32768,262144,2097152,DRAMInterface,True,False,camel_h0_base_d16_m21_n1000000,0,0,16,21,1000000,42360797.0,5000007.0,9000013.0,0.11803382736165233,0.21246089869366716,42.360797,9.921033501092415,10.08134296944634,8.756363115017379,0.10651295725906174,0.5472805372375824,1061250.0,958618.0,5.793347686496695,0.57,0.0,39490133.0,0.0,1028329.0,0.0,0.01059
skylake_fig310,h0_t0_mshr10_d128,skylake,10,48,64,224,72,48,6,32768,262144,2097152,DRAMInterface,True,False,camel_h0_t0_d128_m21_n1000000,0,1,128,21,1000000,42382675.0,7000010.0,11000016.0,0.16516206209258855,0.25954039002965246,42.382675,9.935439259598521,10.085804281452013,8.761009671113342,0.08715841867866374,0.05141384575846272,1107511.0,958744.0,5.790828237070593,0.97,521.0,39822319.0,0.0,1089856.0,0.0,0.010596
skylake_fig310,h0_t0_mshr10_d16,skylake,10,48,64,224,72,48,6,32768,262144,2097152,DRAMInterface,True,False,camel_h0_t0_d16_m21_n1000000,0,1,16,21,1000000,42286886.0,7000010.0,11000016.0,0.16553619010867815,0.260128305498778,42.286886,9.93636601273086,10.105837403320907,8.77835435132944,0.08714860051112652,0.056339497648173725,1061305.0,958636.0,5.803320469163829,0.97,7.0,39772771.0,0.0,1044264.0,0.0,0.010572
skylake_fig310,h0_t0_mshr10_d256,skylake,10,48,64,224,72,48,6,32768,262144,2097152,DRAMInterface,True,False,camel_h0_t0_d256_m21_n1000000,0,1,256,21,1000000,43283922.0,7000010.0,11000016.0,0.1617230989372913,0.25413630493096256,43.283922,9.92334242920256,9.827937464564991,8.526750866429952,0.08717223684038278,0.23959528121415635,1669080.0,958896.0,5.671319101746603,0.97,24.0,40052714.0,0.0,1645375.0,0.0,0.010821
skylake_fig310,h0_t0_mshr10_d32,skylake,10,48,64,224,72,48,6,32768,262144,2097152,DRAMInterface,True,False,camel_h0_t0_d32_m21_n1000000,0,1,32,21,1000000,42289224.0,7000009.0,11000015.0,0.16552701463616357,0.26011390041113075,42.289224,9.93590937732711,10.1073449416425,8.779927834120183,0.08715024479512073,0.035945558829990176,1061324.0,958654.0,5.80342943624669,0.97,475.0,39765789.0,0.0,1044312.0,0.0,0.010572
skylake_fig310,h0_t0_mshr10_d64,skylake,10,48,64,224,72,48,6,32768,262144,2097152,DRAMInterface,True,False,camel_h0_t0_d64_m21_n1000000,0,1,64,21,1000000,42291213.0,7000009.0,11000015.0,0.16551922972746136,0.2601016669822169,42.291213,9.936702375656902,10.107382782523649,8.779928811787217,0.08715315388206289,0.03591989224032328,1061785.0,958686.0,5.8030742457202305,0.97,333.0,39782728.0,0.0,1045116.0,0.0,0.010573
skylake_fig310,h0_t0_mshr512_d128,skylake,512,512,512,224,72,48,6,32768,262144,2097152,DRAMInterface,True,False,camel_h0_t0_d128_m21_n1000000,0,1,128,21,1000000,17117424.0,7000010.0,11000016.0,0.4089406209719406,0.6426209925044797,17.117424,68.78964765544941,70.32842906680199,67.01911949088507,0.08714450960798603,0.05821976712093151,1064218.0,958591.0,14.337420892731947,0.96,368.0,0.0,0.0,0.0,0.0,0.004279
skylake_fig310,h0_t0_mshr512_d16,skylake,512,512,512,224,72,48,6,32768,262144,2097152,DRAMInterface,True,False,camel_h0_t0_d16_m21_n1000000,0,1,16,21,1000000,22530941.0,7000010.0,11000016.0,0.3106843162919827,0.48821822399694714,22.530941,23.728288073650173,24.309205936048823,21.811367158710446,0.08714541869757281,0.239749707667836,1061257.0,958601.0,10.891259364459437,0.96,12.0,0.0,0.0,0.0,0.0,0.005633
skylake_fig310,h0_t0_mshr512_d256,skylake,512,512,512,224,72,48,6,32768,262144,2097152,DRAMInterface,True,False,camel_h0_t0_d256_m21_n1000000,0,1,256,21,1000000,16599596.0,7000010.0,11000016.0,0.4216976123997235,0.6626676938402597,16.599596,112.98789302146551,114.26172015444696,108.82194510501681,0.08714114597651494,0.1519630588144314,1165038.0,958554.0,14.782519518072288,0.97,67.0,0.0,0.0,0.0,0.0,0.00415
skylake_fig310,h0_t0_mshr512_d32,skylake,512,512,512,224,72,48,6,32768,262144,2097152,DRAMInterface,True,False,camel_h0_t0_d32_m21_n1000000,0,1,32,21,1000000,20013205.0,7000009.0,11000015.0,0.3497695146779339,0.5496378516084756,20.013205,30.538107752373232,31.35964596375031,28.542656436014628,0.08714515389297196,0.1609247969173436,1061254.0,958598.0,12.262696781930842,0.96,52.0,0.0,0.0,0.0,0.0,0.005003
skylake_fig310,h0_t0_mshr512_d64,skylake,512,512,512,224,72,48,6,32768,262144,2097152,DRAMInterface,True,False,camel_h0_t0_d64_m21_n1000000,0,1,64,21,1000000,18339919.0,7000009.0,11000015.0,0.3816815657691836,0.5997853643737467,18.339919,42.77001455853492,43.91719323339775,40.83601547809592,0.08714460843917031,0.08197600542931162,1061268.0,958592.0,13.380564449291168,0.96,211.0,0.0,0.0,0.0,0.0,0.004585
skylake_fig310,h1_base_mshr10,skylake,10,48,64,224,72,48,6,32768,262144,2097152,DRAMInterface,True,False,camel_h1_base_d16_m21_n1000000,1,0,16,21,1000000,74768450.0,17000013.0,24000019.0,0.22736880328534295,0.320991260351124,74.76845,5.173354716539542,5.221917680359075,4.471304949307074,0.039943468378087536,0.5021694891525542,1061281.0,958644.0,3.282324844853413,0.16,0.0,0.0,0.0,0.0,0.0,0.018692
skylake_fig310,h1_t0_mshr10_d128,skylake,10,48,64,224,72,48,6,32768,262144,2097152,DRAMInterface,True,False,camel_h1_t0_d128_m21_n1000000,1,1,128,21,1000000,42570469.0,19000010.0,26000016.0,0.44631901988206896,0.6107523973954809,42.570469,9.891500230533465,10.030514039602073,8.711916393432197,0.03687470807710272,0.043638535751059415,1108205.0,958743.0,5.765249647655736,0.28,0.0,38822016.0,0.0,1057044.0,0.0,0.010643
skylake_fig310,h1_t0_mshr10_d16,skylake,10,48,64,224,72,48,6,32768,262144,2097152,DRAMInterface,True,False,camel_h1_t0_d16_m21_n1000000,1,1,16,21,1000000,42502606.0,19000013.0,26000019.0,0.44703171847862694,0.611727643241452,42.502606,9.891341750612394,10.051607531876249,8.731113318555007,0.03687078074827561,0.0334888995333014,1061276.0,958641.0,5.773858836815358,0.28,0.0,38766629.0,0.0,1012192.0,0.0,0.010626
skylake_fig310,h1_t0_mshr10_d256,skylake,10,48,64,224,72,48,6,32768,262144,2097152,DRAMInterface,True,False,camel_h1_t0_d256_m21_n1000000,1,1,256,21,1000000,43510253.0,19000010.0,26000016.0,0.43667891335865133,0.5975606715042544,43.510253,9.875522256153896,9.768132981680136,8.475565267240134,0.03687928499736308,0.23888894999981666,1671536.0,958862.0,5.641401728258871,0.28,0.0,38978270.0,0.0,1587134.0,0.0,0.010878
skylake_fig310,h1_t0_mshr10_d32,skylake,10,48,64,224,72,48,6,32768,262144,2097152,DRAMInterface,True,False,camel_h1_t0_d32_m21_n1000000,1,1,32,21,1000000,42486427.0,19000010.0,26000016.0,0.44720187932018857,0.6119605209447243,42.486427,9.893674789693051,10.055784460810305,8.734740330859397,0.03687132346380095,0.027052918841243476,1061285.0,958655.0,5.7761174919977405,0.28,0.0,38822356.0,0.0,1014912.0,0.0,0.010622
skylake_fig310,h1_t0_mshr10_d64,skylake,10,48,64,224,72,48,6,32768,262144,2097152,DRAMInterface,True,False,camel_h1_t0_d64_m21_n1000000,1,1,64,21,1000000,42485709.0,19000010.0,26000016.0,0.447209436942667,0.6119708629553529,42.485709,9.893215768903238,10.053853322649168,8.732768672615167,0.03687259269378911,0.02713891858324425,1061754.0,958688.0,5.776860182657001,0.28,0.0,38807927.0,0.0,1015579.0,0.0,0.010621
skylake_fig310,h1_t0_mshr512_d128,skylake,512,512,512,224,72,48,6,32768,262144,2097152,DRAMInterface,True,False,camel_h1_t0_d128_m21_n1000000,1,1,128,21,1000000,17501943.0,19000010.0,26000016.0,1.085594325155784,1.485550261476683,17.501943,54.18397554560296,55.72196199814666,52.50023060850262,0.03686955423412047,0.01618863428939809,1067220.0,958609.0,14.023080228571427,0.25,0.0,0.0,0.0,0.0,0.0,0.004375
skylake_fig310,h1_t0_mshr512_d16,skylake,512,512,512,224,72,48,6,32768,262144,2097152,DRAMInterface,True,False,camel_h1_t0_d16_m21_n1000000,1,1,16,21,1000000,29974519.0,19000013.0,26000019.0,0.6338721565473661,0.8674040440815748,29.974519,15.67342744980389,15.995234193114323,14.119994078233425,0.036870280748640995,0.15870285722476166,1061276.0,958628.0,8.186841740058714,0.32,0.0,0.0,0.0,0.0,0.0,0.007494
skylake_fig310,h1_t0_mshr512_d256,skylake,512,512,512,224,72,48,6,32768,262144,2097152,DRAMInterface,True,False,camel_h1_t0_d256_m21_n1000000,1,1,256,21,1000000,16862463.0,19000010.0,26000016.0,1.1267636287771248,1.5418872082921695,16.862463,81.7953091707897,83.42116767579516,79.88244517401688,0.03687097731016781,0.10008279983440033,1286129.0,958646.0,14.552500948766603,0.25,0.0,0.0,0.0,0.0,0.0,0.004216
skylake_fig310,h1_t0_mshr512_d32,skylake,512,512,512,224,72,48,6,32768,262144,2097152,DRAMInterface,True,False,camel_h1_t0_d32_m21_n1000000,1,1,32,21,1000000,21725200.0,19000010.0,26000016.0,0.874560878611014,1.1967676246939039,21.7252,24.027905464455735,24.65663138847184,22.067114576365977,0.036869746541694434,0.07869437812061356,1061268.0,958614.0,11.296500828576688,0.31,0.0,0.0,0.0,0.0,0.0,0.005431
skylake_fig310,h1_t0_mshr512_d64,skylake,512,512,512,224,72,48,6,32768,262144,2097152,DRAMInterface,True,False,camel_h1_t0_d64_m21_n1000000,1,1,64,21,1000000,18936859.0,19000010.0,26000016.0,1.0033348191482019,1.3729846116507494,18.936859,34.215234753656816,35.27195004351702,32.29669557246765,0.03686966961866485,0.023543952912094174,1061288.0,958612.0,12.95968905787917,0.29,0.0,0.0,0.0,0.0,0.0,0.004734
skylake_fig310,h2_base_mshr10,skylake,10,48,64,224,72,48,6,32768,262144,2097152,DRAMInterface,True,False,camel_h2_base_d16_m21_n1000000,2,0,16,21,1000000,107317400.0,22000011.0,33000017.0,0.20499947818340736,0.30749922193418777,107.3174,3.467803219765685,3.4930233789409257,2.9703537609994957,0.029049894125812117,0.5012984948060207,1061284.0,958647.0,2.286831711953483,0.1,0.0,0.0,0.0,0.0,0.0,0.026829
skylake_fig310,h2_t0_mshr10_d128,skylake,10,48,64,224,72,48,6,32768,262144,2097152,DRAMInterface,True,False,camel_h2_t0_d128_m21_n1000000,2,1,128,21,1000000,42723873.0,24000010.0,35000016.0,0.5617470588399137,0.8192144939668742,42.723873,9.842137413282565,9.973775565503443,8.659872526066009,0.027392787477582867,0.040090199699334333,1108514.0,958748.0,5.744768467371969,0.19,0.0,37325288.0,0.0,999768.0,0.0,0.010681
skylake_fig310,h2_t0_mshr10_d16,skylake,10,48,64,224,72,48,6,32768,262144,2097152,DRAMInterface,True,False,camel_h2_t0_d16_m21_n1000000,2,1,16,21,1000000,42670501.0,24000010.0,35000016.0,0.562449688603375,0.8202391624133966,42.670501,9.834049504436265,9.985321146624027,8.669967822130813,0.027389730336123276,0.02832960056426535,1061267.0,958641.0,5.75112710911136,0.19,0.0,37038538.0,0.0,952147.0,0.0,0.010668
skylake_fig310,h2_t0_mshr10_d256,skylake,10,48,64,224,72,48,6,32768,262144,2097152,DRAMInterface,True,False,camel_h2_t0_d256_m21_n1000000,2,1,256,21,1000000,43670009.0,24000010.0,35000016.0,0.5495764839434771,0.8014657381911692,43.670009,9.827517887779857,9.716416008974598,8.42879515006096,0.02739598747612001,0.23126022913256955,1670810.0,958860.0,5.62072174390914,0.19,0.0,37593652.0,0.0,1475995.0,0.0,0.010918
skylake_fig310,h2_t0_mshr10_d32,skylake,10,48,64,224,72,48,6,32768,262144,2097152,DRAMInterface,True,False,camel_h2_t0_d32_m21_n1000000,2,1,32,21,1000000,42629471.0,24000010.0,35000016.0,0.5629910350048679,0.8210286259475281,42.629471,9.844863555284935,9.998979917014108,8.682374223043853,0.02739018747877144,0.024107927676216973,1061287.0,958657.0,5.757159425729568,0.19,0.0,37318056.0,0.0,962677.0,0.0,0.010657
skylake_fig310,h2_t0_mshr10_d64,skylake,10,48,64,224,72,48,6,32768,262144,2097152,DRAMInterface,True,False,camel_h2_t0_d64_m21_n1000000,2,1,64,21,1000000,42626624.0,24000010.0,35000016.0,0.5630286367505904,0.8210834618289264,42.626624,9.84446763271972,10.000887578757096,8.68413570828802,0.027391073192652254,0.024292919023603254,1061741.0,958688.0,5.757345594444966,0.19,0.0,37318190.0,0.0,962841.0,0.0,0.010657
skylake_fig310,h2_t0_mshr512_d128,skylake,512,512,512,224,72,48,6,32768,262144,2097152,DRAMInterface,True,False,camel_h2_t0_d128_m21_n1000000,2,1,128,21,1000000,21673280.0,24000010.0,35000016.0,1.1073547704823636,1.6148924389847776,21.67328,26.00963972643064,26.687911521190717,24.09238885802983,0.027391073192652254,0.00961530128232906,1084323.0,958688.0,11.32447988187523,0.24,0.0,0.0,0.0,0.0,0.0,0.005418
skylake_fig310,h2_t0_mshr512_d16,skylake,512,512,512,224,72,48,6,32768,262144,2097152,DRAMInterface,True,False,camel_h2_t0_d16_m21_n1000000,2,1,16,21,1000000,33526632.0,24000010.0,35000016.0,0.7158491195894655,1.0439466749896023,33.526632,13.435330232391152,13.689004528461487,12.013794353923794,0.027389587479045723,0.10721271409942906,1061278.0,958636.0,7.319578143641135,0.22,0.0,0.0,0.0,0.0,0.0,0.008382
skylake_fig310,h2_t0_mshr512_d256,skylake,512,512,512,224,72,48,6,32768,262144,2097152,DRAMInterface,True,False,camel_h2_t0_d256_m21_n1000000,2,1,256,21,1000000,21693254.0,24000010.0,35000016.0,1.1063351768250167,1.613405531507629,21.693254,26.45746580310763,26.71213599236657,24.114868585723816,0.027394701762422053,0.17556574811417294,1582907.0,958815.0,11.31553752535497,0.23,0.0,0.0,0.0,0.0,0.0,0.005423
skylake_fig310,h2_t0_mshr512_d32,skylake,512,512,512,224,72,48,6,32768,262144,2097152,DRAMInterface,True,False,camel_h2_t0_d32_m21_n1000000,2,1,32,21,1000000,24068108.0,24000010.0,35000016.0,0.9971706126630311,1.454207202327661,24.068108,20.861285042621535,21.371728993521057,19.03541768009574,0.02738921605064409,0.026305578981403396,1061281.0,958623.0,10.196422137277715,0.23,0.0,0.0,0.0,0.0,0.0,0.006017
skylake_fig310,h2_t0_mshr512_d64,skylake,512,512,512,224,72,48,6,32768,262144,2097152,DRAMInterface,True,False,camel_h2_t0_d64_m21_n1000000,2,1,64,21,1000000,22201956.0,24000010.0,35000016.0,1.080986287874816,1.5764384002922986,22.201956,24.260423146082704,24.916813713798106,22.38363939553979,0.027389844621785314,0.0028409905300315666,1061393.0,958645.0,11.054645045045044,0.23,0.0,0.0,0.0,0.0,0.0,0.00555
skylake_fig310,h3_base_mshr10,skylake,10,48,64,224,72,48,6,32768,262144,2097152,DRAMInterface,True,False,camel_h3_base_d16_m21_n1000000,3,0,16,21,1000000,153786438.0,46000011.0,70000017.0,0.29911617434041876,0.45517678873607825,153.786438,2.355600188989526,2.368484969018704,2.0038216064962855,0.013694953816939788,0.5008157463291415,1061287.0,958647.0,1.595791817306942,0.06,0.0,0.0,0.0,0.0,0.0,0.038447
skylake_fig310,h3_t0_mshr10_d128,skylake,10,48,64,224,72,48,6,32768,262144,2097152,DRAMInterface,True,False,camel_h3_t0_d128_m21_n1000000,3,1,128,21,1000000,48766199.0,48000010.0,72000016.0,0.9842885232863853,1.4764328054355846,48.766199,8.336970258829238,8.430587519677147,7.279410710979219,0.013315983152003745,0.018041933846242565,1112425.0,958751.0,5.032813648293963,0.11,0.0,11393479.0,0.0,233856.0,0.0,0.012192
skylake_fig310,h3_t0_mshr10_d16,skylake,10,48,64,224,72,48,6,32768,262144,2097152,DRAMInterface,True,False,camel_h3_t0_d16_m21_n1000000,3,1,16,21,1000000,48773973.0,48000010.0,72000016.0,0.9841316392248792,1.476197479340057,48.773973,8.316653428803457,8.428073807979912,7.277303577989899,0.013314580374537694,0.0022623265463536943,1061287.0,958650.0,5.031870745509718,0.11,0.0,11068720.0,0.0,227702.0,0.0,0.012193
skylake_fig310,h3_t0_mshr10_d256,skylake,10,48,64,224,72,48,6,32768,262144,2097152,DRAMInterface,True,False,camel_h3_t0_d256_m21_n1000000,3,1,256,21,1000000,49183667.0,48000010.0,72000016.0,0.9759339416477425,1.4639009328035666,49.183667,8.477307347363041,8.357753650820161,7.214290083917894,0.01331764981830004,0.20704757415889474,1680745.0,958871.0,4.99087052700065,0.11,0.0,14581016.0,0.0,283773.0,0.0,0.012296
skylake_fig310,h3_t0_mshr10_d32,skylake,10,48,64,224,72,48,6,32768,262144,2097152,DRAMInterface,True,False,camel_h3_t0_d32_m21_n1000000,3,1,32,21,1000000,48723196.0,48000010.0,72000016.0,0.9851572544625357,1.4777359022179086,48.723196,8.328270240737057,8.440955401576948,7.288963007878403,0.013314788707824732,0.000993996355346697,1061305.0,958665.0,5.03690665790986,0.11,0.0,11111007.0,0.0,229411.0,0.0,0.012181
skylake_fig310,h3_t0_mshr10_d64,skylake,10,48,64,224,72,48,6,32768,262144,2097152,DRAMInterface,True,False,camel_h3_t0_d64_m21_n1000000,3,1,64,21,1000000,48722975.0,48000010.0,72000016.0,0.985161722985922,1.4777426050030813,48.722975,8.32711710248053,8.438738582241653,7.286676374096615,0.013315274818827818,0.0011976630736774457,1061921.0,958700.0,5.037090550857893,0.11,0.0,11107559.0,0.0,229580.0,0.0,0.012181
skylake_fig310,h3_t0_mshr512_d128,skylake,512,512,512,224,72,48,6,32768,262144,2097152,DRAMInterface,True,False,camel_h3_t0_d128_m21_n1000000,3,1,128,21,1000000,44413218.0,48000010.0,72000016.0,1.0807595612639462,1.621139364411739,44.413218,9.744958081161473,9.886314433843514,8.622666404943423,0.013315997040889547,0.01696427113100585,1109206.0,958752.0,5.526445825452581,0.11,0.0,0.0,0.0,0.0,0.0,0.011103
skylake_fig310,h3_t0_mshr512_d16,skylake,512,512,512,224,72,48,6,32768,262144,2097152,DRAMInterface,True,False,camel_h3_t0_d16_m21_n1000000,3,1,16,21,1000000,46436282.0,48000010.0,72000016.0,1.033674702897187,1.5505120758806659,46.436282,8.980638112540989,9.111809501587189,7.9035005426609395,0.013314580374537694,0.008097975706072881,1061283.0,958650.0,5.285003014902231,0.11,0.0,0.0,0.0,0.0,0.0,0.011609
skylake_fig310,h3_t0_mshr512_d256,skylake,512,512,512,224,72,48,6,32768,262144,2097152,DRAMInterface,True,False,camel_h3_t0_d256_m21_n1000000,3,1,256,21,1000000,44461052.0,48000010.0,72000016.0,1.0795968120592379,1.6193952405804524,44.461052,9.964011476094326,9.873253127818597,8.608629704416368,0.013317580373871029,0.2039705854411867,1671740.0,958866.0,5.521135762483131,0.11,0.0,0.0,0.0,0.0,0.0,0.011115
skylake_fig310,h3_t0_mshr512_d32,skylake,512,512,512,224,72,48,6,32768,262144,2097152,DRAMInterface,True,False,camel_h3_t0_d32_m21_n1000000,3,1,32,21,1000000,45229704.0,48000010.0,72000016.0,1.0612497043978002,1.5918745787060644,45.229704,9.47013895927238,9.624774342046477,8.384224286939386,0.013314705374509917,0.002405324513810116,1061304.0,958659.0,5.4262117272486075,0.11,0.0,0.0,0.0,0.0,0.0,0.011307
skylake_fig310,h3_t0_mshr512_d64,skylake,512,512,512,224,72,48,6,32768,262144,2097152,DRAMInterface,True,False,camel_h3_t0_d64_m21_n1000000,3,1,64,21,1000000,44401114.0,48000010.0,72000016.0,1.0810541825594737,1.6215812963611678,44.401114,9.726511020450346,9.888057052008518,8.624223413828453,0.013315135929969793,0.0011709957063490766,1061837.0,958690.0,5.527581981981982,0.11,0.0,0.0,0.0,0.0,0.0,0.0111
skylake_fig310,h4_base_mshr10,skylake,10,48,64,224,72,48,6,32768,262144,2097152,DRAMInterface,True,False,camel_h4_base_d16_m21_n1000000,4,0,16,21,1000000,211807176.0,59000011.0,90000017.0,0.2785552978620517,0.42491486218578356,211.807176,1.6745028168048823,1.6815460523375965,1.4167685032817983,0.010651664654685564,0.5003617483721323,1061291.0,958650.0,1.1586644508233872,0.04,0.0,0.0,0.0,0.0,0.0,0.052952
skylake_fig310,h4_t0_mshr10_d128,skylake,10,48,64,224,72,48,6,32768,262144,2097152,DRAMInterface,True,False,camel_h4_t0_d128_m21_n1000000,4,1,128,21,1000000,63559819.0,61000010.0,92000016.0,0.9597259866331589,1.447455600841154,63.559819,6.189359352598826,6.239501179039624,5.3571551326212425,0.010421237318045683,0.018918930630587687,1116065.0,958754.0,3.8615642542479542,0.09,0.0,2915408.0,0.0,19428.0,0.0,0.01589
skylake_fig310,h4_t0_mshr10_d16,skylake,10,48,64,224,72,48,6,32768,262144,2097152,DRAMInterface,True,False,camel_h4_t0_d16_m21_n1000000,4,1,16,21,1000000,63553688.0,61000010.0,92000016.0,0.959818571032416,1.4475952363299514,63.553688,6.17076846217246,6.238520821576888,5.356247877391192,0.010420182970402961,0.0007336639765654193,1061294.0,958657.0,3.861659617321249,0.09,0.0,2832311.0,0.0,18382.0,0.0,0.015888
skylake_fig310,h4_t0_mshr10_d256,skylake,10,48,64,224,72,48,6,32768,262144,2097152,DRAMInterface,True,False,camel_h4_t0_d256_m21_n1000000,4,1,256,21,1000000,63626651.0,61000010.0,92000016.0,0.958717912090014,1.445935226105174,63.626651,6.353185662544823,6.231947497320986,5.348818661190142,0.010422530796081601,0.20937823227981497,1688994.0,958873.0,3.8579161375495064,0.09,0.0,3416880.0,0.0,20379.0,0.0,0.015907
skylake_fig310,h4_t0_mshr10_d32,skylake,10,48,64,224,72,48,6,32768,262144,2097152,DRAMInterface,True,False,camel_h4_t0_d32_m21_n1000000,4,1,32,21,1000000,63531453.0,61000010.0,92000016.0,0.960154492295336,1.4481018716823617,63.531453,6.173502727323846,6.23987713502495,5.3572843012186,0.010420346013852867,0.0006666642222311851,1061313.0,958672.0,3.862935717433734,0.09,0.0,2834699.0,0.0,18567.0,0.0,0.015883
skylake_fig310,h4_t0_mshr10_d64,skylake,10,48,64,224,72,48,6,32768,262144,2097152,DRAMInterface,True,False,camel_h4_t0_d64_m21_n1000000,4,1,64,21,1000000,63535356.0,61000010.0,92000016.0,0.9600955096560725,1.4480129142583225,63.535356,6.172459386436136,6.238874186442294,5.3562826744515215,0.010420704709442659,0.0009153299771234172,1062063.0,958705.0,3.862825484764543,0.09,0.0,2834456.0,0.0,18808.0,0.0,0.015884
skylake_fig310,h4_t0_mshr512_d128,skylake,512,512,512,224,72,48,6,32768,262144,2097152,DRAMInterface,True,False,camel_h4_t0_d128_m21_n1000000,4,1,128,21,1000000,61334095.0,61000010.0,92000016.0,0.9945530295996052,1.4999816333802594,61.334095,6.665775855981134,6.735544021763699,5.821060751785967,0.0104213242745523,0.018466932287914944,1114706.0,958762.0,4.001615234120256,0.09,0.0,0.0,0.0,0.0,0.0,0.015334
skylake_fig310,h4_t0_mshr512_d16,skylake,512,512,512,224,72,48,6,32768,262144,2097152,DRAMInterface,True,False,camel_h4_t0_d16_m21_n1000000,4,1,16,21,1000000,63101280.0,61000010.0,92000016.0,0.9667000415839425,1.4579738477571296,63.10128,6.364277010105327,6.442486523655876,5.553853498582766,0.010420182970402961,0.002212993361019917,1061294.0,958657.0,3.8893215847860536,0.09,0.0,0.0,0.0,0.0,0.0,0.015775
skylake_fig310,h4_t0_mshr512_d256,skylake,512,512,512,224,72,48,6,32768,262144,2097152,DRAMInterface,True,False,camel_h4_t0_d256_m21_n1000000,4,1,256,21,1000000,61364602.0,61000010.0,92000016.0,0.9940585942364623,1.4992359275792255,61.364602,6.842442767823193,6.736052352897757,5.820260925961082,0.010422541665644929,0.20825123641213317,1685579.0,958874.0,4.000256567368489,0.09,0.0,0.0,0.0,0.0,0.0,0.015341
skylake_fig310,h4_t0_mshr512_d32,skylake,512,512,512,224,72,48,6,32768,262144,2097152,DRAMInterface,True,False,camel_h4_t0_d32_m21_n1000000,4,1,32,21,1000000,61394081.0,61000010.0,92000016.0,0.9935812867693222,1.4985160540150442,61.394081,6.6457626672745675,6.731727823718794,5.818318881883061,0.01042033514428954,0.0011209958896817379,1061311.0,958671.0,3.9973251677633725,0.09,0.0,0.0,0.0,0.0,0.0,0.015349
skylake_fig310,h4_t0_mshr512_d64,skylake,512,512,512,224,72,48,6,32768,262144,2097152,DRAMInterface,True,False,camel_h4_t0_d64_m21_n1000000,4,1,64,21,1000000,61319484.0,61000010.0,92000016.0,0.9947900083438406,1.5003390439489022,61.319484,6.655587556551421,6.7426553336693775,5.82807487641753,0.010420693839879333,0.0009053300137899494,1062028.0,958704.0,4.00241722113503,0.09,0.0,0.0,0.0,0.0,0.0,0.01533
skylake_fig310,h5_base_mshr10,skylake,10,48,64,224,72,48,6,32768,262144,2097152,DRAMInterface,True,False,camel_h5_base_d16_m21_n1000000,5,0,16,21,1000000,228255479.0,72000011.0,110000017.0,0.31543606889716763,0.48191621722254474,228.255479,1.5501957034692155,1.5565751169514999,1.310916769762188,0.008714998653136572,0.5003627483676324,1061291.0,958650.0,1.075171736997056,0.04,0.0,0.0,0.0,0.0,0.0,0.057064
skylake_fig310,h5_t0_mshr10_d128,skylake,10,48,64,224,72,48,6,32768,262144,2097152,DRAMInterface,True,False,camel_h5_t0_d128_m21_n1000000,5,1,128,21,1000000,80603270.0,74000010.0,112000016.0,0.9180770209446838,1.3895219883759058,80.60327,4.791296141931945,4.821318671139184,4.122144872584492,0.008560400562799919,0.02011225958838151,1119662.0,958765.0,3.0450578135080146,0.07,0.0,2544844.0,0.0,4909.0,0.0,0.020151
skylake_fig310,h5_t0_mshr10_d16,skylake,10,48,64,224,72,48,6,32768,262144,2097152,DRAMInterface,True,False,camel_h5_t0_d16_m21_n1000000,5,1,16,21,1000000,80580421.0,74000010.0,112000016.0,0.9183373464876784,1.3899159946061836,80.580421,4.780718280875148,4.824692648160991,4.125456466524572,0.008559445205793543,0.0006923312563395643,1061298.0,958658.0,3.045624820054604,0.07,0.0,2534442.0,0.0,4777.0,0.0,0.020145
skylake_fig310,h5_t0_mshr10_d256,skylake,10,48,64,224,72,48,6,32768,262144,2097152,DRAMInterface,True,False,camel_h5_t0_d256_m21_n1000000,5,1,256,21,1000000,80649643.0,74000010.0,112000016.0,0.9175491328585298,1.3887230226177194,80.649643,4.922899308227539,4.821331537688755,4.121142591133458,0.008561373776946603,0.21184322324151478,1696653.0,958874.0,3.0437424858644975,0.07,0.0,2601582.0,0.0,6037.0,0.0,0.020162
skylake_fig310,h5_t0_mshr10_d32,skylake,10,48,64,224,72,48,6,32768,262144,2097152,DRAMInterface,True,False,camel_h5_t0_d32_m21_n1000000,5,1,32,21,1000000,80575689.0,74000010.0,112000016.0,0.9183912780441753,1.3899976207463767,80.575689,4.781608328221598,4.825431845684932,4.126160531143465,0.008559623777196603,0.0006663308901200696,1061317.0,958678.0,3.0458395552025417,0.07,0.0,2532127.0,0.0,4771.0,0.0,0.020144
skylake_fig310,h5_t0_mshr10_d64,skylake,10,48,64,224,72,48,6,32768,262144,2097152,DRAMInterface,True,False,camel_h5_t0_d64_m21_n1000000,5,1,64,21,1000000,80581687.0,74000010.0,112000016.0,0.9183229187048417,1.3898941579617214,80.581687,4.7826257561430605,4.8259359002699025,4.1266864680790105,0.008559900562871349,0.0009676631185685652,1062224.0,958709.0,3.04578684537106,0.07,0.0,2540796.0,0.0,4866.0,0.0,0.020145
skylake_fig310,h5_t0_mshr512_d128,skylake,512,512,512,224,72,48,6,32768,262144,2097152,DRAMInterface,True,False,camel_h5_t0_d128_m21_n1000000,5,1,128,21,1000000,78315267.0,74000010.0,112000016.0,0.9448989045775711,1.4301172720256448,78.315267,5.051841287553175,5.0910491506601865,4.37157891270407,0.008560391634229766,0.01979826073971062,1118713.0,958764.0,3.134015833290771,0.07,0.0,0.0,0.0,0.0,0.0,0.019579
skylake_fig310,h5_t0_mshr512_d16,skylake,512,512,512,224,72,48,6,32768,262144,2097152,DRAMInterface,True,False,camel_h5_t0_d16_m21_n1000000,5,1,16,21,1000000,79730904.0,74000010.0,112000016.0,0.9281220491366811,1.4047252744055179,79.730904,4.926244174356754,4.978166753161829,4.271530527626366,0.008559445205793543,0.0024826592186890104,1061296.0,958658.0,3.078016956805298,0.07,0.0,0.0,0.0,0.0,0.0,0.019933
skylake_fig310,h5_t0_mshr512_d256,skylake,512,512,512,224,72,48,6,32768,262144,2097152,DRAMInterface,True,False,camel_h5_t0_d256_m21_n1000000,5,1,256,21,1000000,78342335.0,74000010.0,112000016.0,0.94457243328272,1.4296231533052979,78.342335,5.189470223191132,5.095223728824252,4.374530287809041,0.00856133806266599,0.21113755916228308,1694511.0,958870.0,3.133242111712448,0.07,0.0,0.0,0.0,0.0,0.0,0.019586
skylake_fig310,h5_t0_mshr512_d32,skylake,512,512,512,224,72,48,6,32768,262144,2097152,DRAMInterface,True,False,camel_h5_t0_d32_m21_n1000000,5,1,32,21,1000000,78298009.0,74000010.0,112000016.0,0.9451071737979952,1.43043249030764,78.298009,5.044490942565732,5.098177691655847,4.378672323089398,0.008559579134345838,0.0006666642222311851,1061317.0,958673.0,3.1343587228607923,0.07,0.0,0.0,0.0,0.0,0.0,0.019575
skylake_fig310,h5_t0_mshr512_d64,skylake,512,512,512,224,72,48,6,32768,262144,2097152,DRAMInterface,True,False,camel_h5_t0_d64_m21_n1000000,5,1,64,21,1000000,78303700.0,74000010.0,112000016.0,0.9450384847714731,1.4303285285369658,78.3037,5.04346253327016,5.097291622047404,4.377824504262769,0.008559882705731043,0.0009549964983461728,1062182.0,958707.0,3.1343097670617084,0.07,0.0,0.0,0.0,0.0,0.0,0.019576
